Date,GMHF_Mean,Mkt_RF,SMB,HML,RF,MOM,RMW,CMA,PTFSBD,PTFSFX,PTFSCOM,PTFSIR,PTFSSTK,CS_factor,DGS10,DEF,DIV,GDP,INFLTN,MKT,RREL,TERM,UNEMP,VIX
199401,0.0211,2.87,0.14,2.09,0.25,0.02,-2.28,1.47,-0.13,-0.3,-0.22,-0.07,0.09,1.85,5.7,0.73,12.62,-1.96,146.3,2.87,0.41,2.71,6.6,10.63
199402,-0.064,-2.55,2.73,-1.44,0.21,-0.29,2.45,-1.05,0.46,0.14,-0.14,0.15,-0.13,1.77,6.15,0.68,12.67,0.11,146.7,-2.55,0.44,2.64,6.6,14.87
199403,-0.0343,-4.78,-0.98,1.31,0.27,-1.33,0.77,1.25,0.36,-0.11,0.03,0.03,-0.02,1.59,6.77,0.65,12.71,0.24,147.1,-4.78,0.61,2.89,6.5,20.45
199404,-0.012,0.68,-0.93,1.68,0.27,0.41,1.01,1.12,0.11,-0.08,0.01,0.01,-0.22,1.48,7.06,0.64,12.75,-0.1,147.2,0.68,0.89,3.19,6.4,13.77
199405,0.0225,0.58,-2.02,0.2,0.31,-2.15,0.9,0.71,0.06,-0.29,-0.03,0.03,-0.02,1.51,7.17,0.63,12.8,1.05,147.5,0.58,0.89,2.92,6.1,13.03
199406,0.0015,-3.03,-0.45,1.7,0.31,-0.82,1.16,1.51,0.2,0.28,-0.08,0.16,0.03,1.52,7.34,0.68,12.84,-0.26,147.9,-3.03,0.84,2.85,6.1,14.97
199407,0.0071,2.82,-1.73,0.59,0.28,0.19,-0.88,0.14,-0.2,-0.06,-0.06,0.01,-0.18,1.49,7.12,0.69,12.87,-0.02,148.4,2.82,0.84,2.84,6.1,11.13
199408,0.026,4.01,1.34,-2.82,0.37,1.55,0.87,-1.45,-0.1,-0.14,-0.11,-0.14,0.02,1.55,7.19,0.67,12.9,0.01,149,4.01,0.77,2.62,6,11.97
199409,-0.0012,-2.31,2.82,-1.9,0.37,1.32,0.61,0.95,0.11,-0.05,0.01,-0.13,-0.06,1.5,7.62,0.64,12.92,0.32,149.3,-2.31,0.81,2.71,5.9,14.28
199410,-0.0011,1.34,-2.34,-1.73,0.38,1.43,0.58,-0.64,-0.13,0.04,-0.09,-0.15,-0.15,1.4,7.81,0.63,13.01,0.85,149.4,1.34,0.8,2.64,5.8,14.56
199411,0.0039,-4.04,0.27,-0.94,0.37,-0.2,0.8,-0.45,-0.15,-0.23,-0.1,0.19,0.01,1.3,7.91,0.64,13.1,-0.1,149.8,-4.04,0.84,2.51,5.6,15.95
199412,-0.0098,0.86,0.04,0.55,0.44,3.5,0.42,0.31,-0.06,-0.16,-0.12,0.24,-0.07,1.3,7.84,0.64,13.17,0.36,150.1,0.86,1.07,2.05,5.5,13.2
199501,-0.0087,1.8,-2.65,0.83,0.42,-1.83,0.61,-0.84,-0.19,-0.12,-0.04,-0.05,-0.07,1.33,7.6,0.62,13.18,0.24,150.5,1.8,0.88,1.88,5.6,11.96
199502,0.0145,3.63,-0.67,1.08,0.4,-0.36,0.58,-0.33,-0.06,0.13,-0.11,0.18,0.03,1.53,7.22,0.59,13.18,0.11,150.9,3.63,0.51,1.53,5.4,11.75
199503,0.014,2.19,-0.7,-1.07,0.46,0.38,-0.33,0.19,0.06,0.9,0.24,0.51,0.04,1.49,7.2,0.58,13.17,0.19,151.2,2.19,0.3,1.29,5.4,13.37
199504,0.0078,2.11,-0.62,2.26,0.44,1.8,0.05,1.01,-0.13,-0.13,0.05,0.06,-0.03,1.51,7.07,0.57,13.24,-0.83,151.8,2.11,0.23,1.22,5.8,11.75
199505,0.0254,2.9,-2.2,1.69,0.54,-0.43,0.46,0.09,0.43,-0.14,-0.1,0.32,0.01,1.66,6.3,0.55,13.31,0.91,152.1,2.9,0.02,0.79,5.6,12.85
199506,0.0047,2.72,2.93,-2.27,0.47,2.9,-0.48,-2.43,0.07,-0.21,0.07,0,0,1.74,6.21,0.6,13.36,0.2,152.4,2.72,0.14,0.53,5.6,11.38
199507,0.0393,3.72,2.09,-1.68,0.45,2.53,0.51,-1.71,-0.18,-0.23,-0.23,-0.18,0.11,1.72,6.45,0.63,13.44,0.12,152.6,3.72,0.14,0.69,5.7,13.49
199508,0.0559,0.55,1.6,2.71,0.47,0.09,-1.38,1.64,-0.12,0.51,-0.1,-0.02,-0.08,1.73,6.28,0.62,13.51,-0.04,152.9,0.55,0.03,0.92,5.7,11.52
199509,0.0322,3.35,-2.1,-0.76,0.43,2.71,1.31,0.36,-0.03,0.08,0.01,-0.02,-0.06,1.71,6.17,0.61,13.58,0.21,153.1,3.35,0.03,0.76,5.6,12.74
199510,0.0041,-1.52,-3.74,-0.75,0.47,4.12,2.17,-0.04,-0.08,-0.18,-0.13,-0.15,-0.14,1.7,6.03,0.63,13.65,0.01,153.5,-1.52,0,0.6,5.5,13.83
199511,0.0363,3.96,-1.17,0.94,0.42,-0.64,-0.83,1.19,0.06,-0.15,-0.14,-0.08,-0.11,1.81,5.76,0.66,13.72,0.18,153.7,3.96,0.22,0.41,5.6,11.58
199512,0.0363,1.03,0.57,0.86,0.49,2.54,-1.32,2.99,0.01,-0.17,0.09,-0.22,-0.11,1.8,5.58,0.67,13.79,0.05,153.9,1.03,0.11,0.42,5.6,12.52
199601,0.0528,2.26,-2.62,0.3,0.43,0.57,-0.63,2.28,0.03,-0.07,-0.02,0.05,0.18,1.82,5.6,0.66,13.89,0.06,154.7,2.26,0.18,0.5,5.6,12.53
199602,-0.0377,1.33,1.88,-1.42,0.39,0.58,0.4,-1.8,0.09,-0.27,-0.01,-0.09,-0.13,1.78,6.13,0.64,14,0.69,155,1.33,0.14,0.84,5.5,17.04
199603,0.0037,0.73,1.3,1,0.39,-1.88,1.3,-0.97,-0.02,-0.22,-0.05,-0.09,0.04,1.78,6.34,0.68,14.1,0.23,155.5,0.73,0.1,1.17,5.5,18.88
199604,0.0311,2.06,4.92,-3.9,0.46,-0.91,0.17,-2.2,-0.11,-0.08,0.32,-0.18,-0.13,1.61,6.66,0.69,14.16,-0.7,156.1,2.06,0.28,1.42,5.6,15.83
199605,-0.0008,2.36,3.04,-1.2,0.42,1.56,0.43,-0.22,-0.13,0.03,-0.23,-0.01,-0.16,1.48,6.85,0.68,14.21,1.17,156.4,2.36,0.31,1.58,5.6,16.07
199606,-0.0106,-1.14,-3.58,1.56,0.4,1.01,3.47,1.08,-0.14,-0.17,0.08,-0.01,-0.16,1.51,6.73,0.69,14.27,0.5,156.7,-1.14,0.39,1.68,5.3,13.68
199607,-0.0304,-5.97,-3.83,4.45,0.45,-0.11,2.84,2.6,0.03,0.09,-0.04,0.32,0.01,1.5,6.8,0.7,14.4,-0.37,157,-5.97,0.37,1.57,5.5,19.46
199608,0.0073,2.77,2.3,-0.46,0.41,-0.05,-0.3,-2.43,0.03,-0.3,0.03,0.16,-0.08,1.48,6.96,0.72,14.53,0.14,157.2,2.77,0.3,1.45,5.1,17.01
199609,0.0201,5.01,-0.88,-3.14,0.44,2.69,1.51,-2.18,0.03,-0.01,0.05,-0.03,-0.06,1.5,6.72,0.69,14.66,0.12,157.7,5.01,0.41,1.59,5.2,16.95
199610,0.0158,0.86,-4.44,5.12,0.42,3.91,1.32,2.97,0.15,0.37,0.24,0.08,-0.03,1.54,6.37,0.68,14.74,-0.12,158.2,0.86,0.26,1.41,5.2,18.11
199611,0.0472,6.25,-3.89,1.16,0.41,-2.23,2.01,-0.73,0.14,0.09,0.11,0.08,0.07,1.65,6.06,0.69,14.82,0.17,158.7,6.25,0.11,1.03,5.4,17.14
199612,-0.0049,-1.7,3.2,0.9,0.46,0.61,0.57,1.51,-0.1,0.28,-0.08,-0.09,0.01,1.54,6.43,0.69,14.9,0.25,159.1,-1.7,0.27,1.26,5.4,20.92
199701,0.0514,4.98,-1.84,-1.64,0.45,1.95,1.27,-0.27,-0.04,0.41,0.08,-0.13,0.16,1.5,6.53,0.67,14.95,0.2,159.4,4.98,0.27,1.41,5.3,19.47
199702,0.0159,-0.49,-2.9,5.19,0.39,-2.05,0.73,3.4,-0.05,0.02,0.24,-0.07,0.02,1.49,6.56,0.63,15.01,0.19,159.7,-0.49,0.22,1.28,5.2,21.1
199703,-0.0124,-5.02,-0.38,3.81,0.43,0.97,0.35,1.67,-0.02,-0.14,-0.04,-0.08,-0.07,1.4,6.92,0.63,15.06,0.38,159.8,-5.02,0.33,1.41,5.2,22.14
199704,-0.0022,4.04,-5.66,-0.07,0.43,4.92,3.29,-0.91,-0.18,-0.13,0.03,-0.04,-0.12,1.5,6.72,0.61,15.09,-0.02,159.9,4.04,0.48,1.58,5.1,20.06
199705,0.0183,6.74,4.89,-3.87,0.49,-5.16,-0.98,-2.9,0.04,0.11,-0.02,0.15,0.28,1.51,6.67,0.62,15.13,0.34,159.9,6.74,0.49,1.51,4.9,19.19
199706,0.0182,4.1,1.32,1.23,0.37,2.62,1.02,0.54,-0.1,-0.07,0.08,-0.11,0.05,1.5,6.51,0.61,15.16,0.22,160.2,4.1,0.45,1.42,5,21.53
199707,0.059,7.33,-2.8,0.84,0.43,3.81,-0.24,-2.54,0.31,0.32,0.21,0,0.24,1.54,6.02,0.61,15.22,0.27,160.4,7.33,0.19,1.03,4.9,21.48
199708,-0.0125,-4.15,7.31,1.38,0.41,-2.55,-0.94,-0.03,-0.08,0.05,-0.14,0,0.03,1.44,6.34,0.6,15.27,0.4,160.8,-4.15,0.13,1.02,4.8,24.76
199709,0.0305,5.35,2.61,0.02,0.44,1.45,-1.39,-0.91,0,-0.11,-0.03,-0.13,-0.03,1.54,6.12,0.55,15.33,0.15,161.2,5.35,0.28,1.12,4.9,22.91
199710,-0.016,-3.8,-0.68,1.96,0.42,-0.38,1.09,1.89,0.04,0.11,0.07,0.35,0.29,1.6,5.84,0.57,15.39,0.39,161.5,-3.8,0.2,0.92,4.7,35.09
199711,-0.0025,2.98,-4.94,0.78,0.39,0.29,3.07,1.66,-0.15,-0.01,-0.07,-0.04,-0.2,1.52,5.86,0.55,15.44,0.55,161.7,2.98,0.03,0.59,4.6,27.43
199712,0.0293,1.32,-2.35,3.46,0.48,3.95,1.18,1.91,0.01,-0.08,0.21,0.02,-0.15,1.53,5.75,0.56,15.5,0.49,161.8,1.32,0.08,0.5,4.7,24.01
199801,0.002,0.15,-1.15,-1.45,0.43,0.11,0.46,-0.83,0.2,-0.04,0.04,0.15,-0.07,1.68,5.53,0.58,15.55,0.79,162,0.15,0.06,0.37,4.6,21.47
199802,0.019,7.04,0,-0.13,0.39,-1.14,-0.87,-2.42,-0.08,-0.24,-0.03,-0.1,0.05,1.67,5.62,0.58,15.6,0.56,162,7.04,0.05,0.34,4.6,18.55
199803,0.0505,4.76,-0.94,1.06,0.39,2.15,-1.02,-0.48,-0.11,-0.02,-0.1,-0.11,0.09,1.67,5.67,0.6,15.64,0.49,162,4.76,0.08,0.49,4.7,24.22
199804,-0.0013,0.73,0.21,0.74,0.43,0.78,-2.13,-0.23,-0.2,-0.18,-0.11,-0.13,-0.1,1.66,5.68,0.64,15.75,0.22,162.2,0.73,0.15,0.55,4.3,21.18
199805,0.0008,-3.07,-3.75,4.16,0.4,1.88,0.97,2.54,0.04,-0.02,0.18,-0.19,-0.3,1.63,5.56,0.61,15.85,0.31,162.6,-3.07,0.16,0.51,4.4,21.32
199806,0.0057,3.18,-3.16,-2.32,0.41,7.26,-0.52,-2.91,0.01,0.02,0.05,0.92,-0.14,1.67,5.44,0.6,15.95,0.47,162.8,3.18,0.15,0.37,4.5,19.71
199807,0.0023,-2.46,-5.12,-0.97,0.4,3.68,1.82,0.45,-0.15,-0.21,-0.02,-0.17,-0.08,1.71,5.5,0.6,16.02,0.07,163.2,-2.46,0.12,0.37,4.5,24.8
199808,-0.037,-16.08,-5.3,3.41,0.43,1.88,3.48,5.84,0.69,0.14,0.23,0.14,0.46,2.06,5.05,0.62,16.08,0.21,163.4,-16.08,0.04,0.3,4.5,44.28
199809,-0.005,6.15,-0.12,-3.31,0.46,-0.71,-1.52,-2.9,0.33,0.12,-0.08,0.02,0.02,2.57,4.44,0.69,16.14,0.19,163.5,6.15,0.11,0.07,4.6,40.95
199810,-0.0183,7.13,-3.32,-2.2,0.32,-5.36,0.59,0.27,-0.04,0.3,-0.08,0.03,-0.13,2.65,4.64,0.81,16.17,0.04,163.9,7.13,0.01,0.46,4.5,28.05
199811,0.0198,6.1,1.07,-3.14,0.31,1.16,-1.25,-1.15,-0.1,-0.14,-0.03,-0.2,0.05,2.45,4.74,0.93,16.18,0.32,164.1,6.1,0.08,0.3,4.4,26.01
199812,0.0244,6.16,-0.33,-4.46,0.38,8.99,-0.75,-3.35,-0.04,0.1,0.09,-0.05,-0.03,2.58,4.65,1.01,16.2,0.1,164.4,6.16,0.07,0.15,4.4,24.42
199901,0.0081,3.5,0.39,-4.03,0.35,3.04,-2.69,-6.88,0.07,-0.13,-0.05,-0.22,-0.03,2.55,4.66,1.05,16.28,0.29,164.7,3.5,0.03,0.28,4.3,26.25
199902,-0.0124,-4.08,-5.68,1.4,0.35,-0.16,-1.71,4.09,0.22,0.23,0.08,0.21,-0.26,2.24,5.29,0.99,16.37,0.26,164.7,-4.08,0.04,0.44,4.4,27.88
199903,0.0107,3.45,-3.94,-2.64,0.43,-1.29,-4.2,-1.38,-0.14,-0.12,0,-0.07,-0.19,2.31,5.25,0.91,16.45,0.02,164.8,3.45,0.09,0.67,4.2,23.26
199904,0.0386,4.33,3.99,2.51,0.37,-9.06,-2.42,0.92,-0.07,-0.15,-0.09,0,-0.02,2.22,5.36,0.84,16.45,-0.29,165.9,4.33,0.16,0.78,4.3,25.07
199905,-0.009,-2.46,3.42,2.4,0.34,-5.28,1.09,3.34,0.03,-0.03,0.08,0.07,-0.19,2.18,5.64,0.79,16.45,0.09,166,-2.46,0.1,0.91,4.2,25.39
199906,0.0216,4.77,3.06,-3.59,0.4,4.89,1.32,-3.39,0.2,-0.07,-0.07,-0.05,-0.18,2.18,5.81,0.79,16.45,0.24,166,4.77,0.25,1.18,4.3,21.09
199907,0.0046,-3.47,2.66,-0.77,0.38,1.52,0.42,3.09,0.04,0.24,0.11,0.01,-0.12,2.19,5.92,0.76,16.51,0.01,166.7,-3.47,0.2,1.11,4.3,24.64
199908,-0.0055,-1.38,-1.27,-1.31,0.39,2.92,-0.27,0.32,-0.08,-0.16,-0.11,-0.03,-0.2,2.23,5.98,0.75,16.58,0.34,167.1,-1.38,0.19,1.07,4.2,24.45
199909,0.0108,-2.81,3.33,-3.39,0.39,6.44,-0.67,-1.03,-0.05,0.1,0.65,-0.09,-0.08,2.3,5.9,0.81,16.64,-0.17,167.8,-2.81,0.28,1.09,4.2,25.41
199910,-0.0075,6.13,-6.94,-2.88,0.39,5.48,-1.74,-1.27,0.03,-0.16,-0.08,-0.1,-0.19,2.28,6.02,0.83,16.66,0.53,168.1,6.13,0.26,1.09,4.1,22.2
199911,0.0383,3.37,7.38,-6.5,0.36,5.62,-3.8,-1.56,0.03,0.19,-0.11,-0.22,0,1.99,6.18,0.79,16.67,0.63,168.4,3.37,0.17,0.81,4.1,24.18
199912,0.0682,7.72,7.15,-8.67,0.44,13.19,-7.57,-5.16,0.02,-0.15,-0.07,-0.06,-0.01,1.73,6.45,0.64,16.69,0.72,168.8,7.72,0.31,0.92,4,24.64
200001,0.0114,-4.74,4.95,-0.31,0.41,1.86,-6.19,4.68,0.15,0.09,-0.08,-0.22,-0.12,1.68,6.68,0.55,16.71,0.7,169.3,-4.74,0.43,1.16,4,24.95
200002,0.0367,2.45,21.71,-9.93,0.43,18.36,-18.37,-0.51,-0.08,0.07,0.04,-0.07,-0.19,1.91,6.42,0.61,16.74,0.3,170,2.45,0.29,0.79,4.1,23.37
200003,-0.0227,5.2,-16.87,7.37,0.47,-6.39,11.69,-1.06,0.21,-0.03,-0.07,-0.14,0.03,2.3,6.03,0.69,16.76,0.17,171,5.2,0.17,0.39,4,24.11
200004,-0.0368,-6.4,-7.75,8.6,0.46,-8.58,7.46,5.24,-0.06,0.04,-0.11,0.04,-0.09,2.34,6.23,0.76,16.74,0.38,170.9,-6.4,0.14,0.17,3.8,26.2
200005,-0.0154,-4.42,-5.11,2.56,0.5,-9.08,4.6,0.73,-0.04,0.04,-0.06,0.25,-0.21,2.52,6.29,0.91,16.72,0.31,171.2,-4.42,0.15,0.45,4,23.65
200006,0.0124,4.64,13.86,-9.86,0.4,16.6,-6.81,-3.06,-0.02,-0.19,0.03,-0.1,-0.15,2.4,6.03,0.81,16.7,0.16,172.2,4.64,0.14,0.24,4,19.54
200007,0.0005,-2.51,-2.79,8.14,0.48,-0.11,5.98,3,-0.11,-0.17,-0.16,-0.14,-0.19,2.27,6.04,0.7,16.58,0.41,172.7,-2.51,0.21,-0.09,4,20.74
200008,0.0173,7.03,-1.13,-0.68,0.5,5.71,-3.06,0.61,-0.14,0.25,0.06,0.02,-0.19,2.51,5.73,0.71,16.47,0.45,172.7,7.03,0.22,-0.45,4.1,16.84
200009,-0.0219,-5.45,-1.39,6.24,0.51,2.18,3.07,6.38,-0.15,0.01,-0.14,-0.11,0.04,2.54,5.8,0.73,16.35,-0.08,173.6,-5.45,0.21,-0.38,3.9,20.57
200010,-0.0073,-2.76,-3.76,5.52,0.56,-4.63,9.65,4.7,-0.24,-0.01,-0.14,-0.16,-0.11,2.56,5.77,0.79,16.32,0.05,173.9,-2.76,0.39,-0.56,3.9,23.63
200011,0.0025,-10.72,-2.79,11.3,0.51,-2.41,13.31,8.51,0.17,-0.14,-0.15,0.01,-0.02,2.64,5.48,0.83,16.3,-0.12,174.2,-10.72,0.33,-0.64,3.9,29.65
200012,0.0461,1.19,0.97,7.33,0.5,6.7,1.83,5.72,0.05,0.14,-0.05,0.09,-0.08,2.88,5.12,0.81,16.27,0.09,174.6,1.19,0.44,-0.7,3.9,26.85
200101,0.0215,3.13,6.57,-4.9,0.54,-25.06,-4.43,-6.54,-0.06,-0.12,-0.04,0.6,-0.25,2.62,5.19,0.78,16.17,0.52,175.6,3.13,0.52,-0.12,4.2,22.02
200102,-0.0171,-10.05,-0.74,12.9,0.38,12.51,9,9.58,-0.07,-0.13,0.01,0.01,-0.04,2.88,4.92,0.77,16.07,0.1,176,-10.05,0.37,0.09,4.2,28.35
200103,0.0083,-7.26,0.34,6.45,0.42,8.35,3.38,3.95,-0.06,0.1,0.12,0.07,0.06,3.04,4.93,0.86,15.97,0.22,176.1,-7.26,0.31,0.35,4.3,28.64
200104,-0.0012,7.94,0.52,-4.69,0.39,-7.97,-2.71,-3.97,0.32,-0.24,-0.13,0.03,-0.13,2.73,5.35,0.87,15.88,-0.35,176.4,7.94,0.07,1.18,4.4,25.48
200105,-0.001,0.72,2.6,3.14,0.32,2.12,0.18,2.19,0.01,0.06,-0.03,-0.07,-0.12,2.65,5.43,0.78,15.78,-0.31,177.3,0.72,0.02,1.69,4.3,22.64
200106,0.0043,-1.94,6.05,-1.06,0.28,0.35,2.04,-1.8,-0.06,-0.09,-0.03,0,-0.15,2.65,5.42,0.79,15.69,-0.08,177.7,-1.94,0.12,1.72,4.5,19.06
200107,-0.003,-2.13,-4.35,5.58,0.3,5.47,7.17,3,-0.01,0.01,-0.06,-0.08,-0.07,2.78,5.07,0.84,15.71,1.39,177.4,-2.13,0.12,1.64,4.6,21.62
200108,0.0057,-6.46,2.49,2.5,0.31,5.54,3.95,6.5,0.02,0.16,-0.18,0.01,0.05,2.9,4.85,0.83,15.72,1.63,177.4,-6.46,0.1,1.53,4.9,24.92
200109,0.0063,-9.25,-6.13,1.6,0.28,11.53,4.93,3.28,-0.06,0.08,0.37,0.99,0.37,3.42,4.6,0.86,15.74,-0.82,178.1,-9.25,1.18,2.04,5,31.93
200110,0.0271,2.46,7.63,-8.1,0.22,-8.41,-2.62,-4.6,0.44,-0.17,-0.05,0.09,-0.1,3.38,4.3,0.88,15.74,-1.64,177.6,2.46,1.65,2.37,5.3,33.56
200111,0.0014,7.54,-0.41,2,0.17,-8.58,-3.76,-1.66,0.07,-0.1,-0.11,0.02,-0.07,3.1,4.78,0.84,15.74,0.14,177.5,7.54,1.93,2.75,5.5,23.84
200112,0.0151,1.61,4.57,1.1,0.15,-0.02,0.31,-0.32,0.3,0.02,-0.06,-0.14,-0.16,2.85,5.07,1.28,15.74,0.13,177.4,1.61,2.1,3.37,5.7,23.8
200201,0.0041,-1.44,1.19,3.33,0.14,3.69,4.36,2.84,-0.21,-0.06,-0.19,-0.14,-0.25,2.85,5.07,1.32,15.74,1.91,177.7,-1.44,2.14,3.35,5.7,21.09
200202,-0.0121,-2.29,-1.1,2.5,0.13,6.76,7.62,5.14,-0.14,-0.25,0.05,-0.14,-0.22,2.98,4.88,1.38,15.73,0.01,178,-2.29,2.06,3.15,5.7,21.59
200203,0.0211,4.24,4.23,1.11,0.13,-1.67,-1.35,0.58,0.09,-0.06,0.08,0.12,-0.17,2.81,5.42,1.3,15.73,-0.07,178.5,4.24,1.98,3.46,5.7,17.4
200204,0.0039,-5.2,5.94,3.93,0.15,7.96,4.57,5.39,-0.24,0.08,-0.1,-0.13,-0.09,2.84,5.11,1.27,15.83,0.28,179.3,-5.2,2.06,3.47,5.9,21.91
200205,0.0187,-1.38,-3.21,1.69,0.14,2.97,2.27,2.41,-0.15,0.22,-0.01,-0.06,-0.16,2.98,5.08,1.34,15.94,0.26,179.5,-1.38,2.03,3.4,5.8,19.98
200206,0.012,-7.21,4.26,0.13,0.13,6.15,3.62,2.54,0.12,0.55,-0.03,-0.02,0.13,3.13,4.86,1.32,16.04,0.14,179.6,-7.21,2.05,3.19,5.8,25.4
200207,-0.0034,-8.18,-5.3,-3.41,0.15,3.34,4.2,-0.73,0.11,-0.03,0,0.33,0.42,3.25,4.51,1.37,15.96,-0.4,180,-8.18,2.07,2.94,5.8,32.03
200208,0.0063,0.5,-2.44,2.49,0.14,1.77,1.15,-1.61,0.13,-0.1,-0.17,-0.05,-0.08,3.32,4.14,1.21,15.88,-0.15,180.5,0.5,2.12,2.61,5.7,32.64
200209,0.0093,-10.35,2.57,1.31,0.14,9.09,3.27,-2.29,0.19,-0.04,0.03,-0.06,0.05,3.76,3.63,1.25,15.8,-0.05,180.8,-10.35,2.1,2.21,5.7,39.69
200210,-0.0165,7.84,-2.9,-5.46,0.14,-5.3,-3.29,0.92,-0.2,-0.28,-0.16,-0.2,-0.23,3.82,3.93,1.41,15.89,0.19,181.2,7.84,2.14,2.33,5.7,31.14
200211,-0.0046,5.96,2.84,-1.15,0.12,-16.17,-9.14,5.16,-0.14,-0.09,-0.1,-0.21,-0.12,3.38,4.22,1.31,15.98,0.22,181.5,5.96,2.49,2.79,5.9,27.5
200212,0.0341,-5.76,0,2.25,0.11,9.65,6.05,-1.61,0.05,0.4,0.18,-0.09,-0.07,3.48,3.83,1.24,16.07,0.26,181.8,-5.76,2.52,2.82,6,28.62
200301,0.0252,-2.57,1.39,-0.93,0.1,1.62,-0.61,0.81,-0.09,0.03,-0.08,-0.23,-0.04,3.16,4,1.18,16.12,-0.07,182.6,-2.57,2.53,2.86,5.8,31.17
200302,0.0191,-1.88,-0.34,-1.46,0.09,1.25,1.04,-0.54,0.07,-0.1,-0.01,0.22,-0.02,3.21,3.71,1.11,16.17,-0.33,183.6,-1.88,2.53,2.72,5.9,29.63
200303,-0.0223,1.09,0.89,-2.09,0.1,1.61,1.81,-0.69,-0.01,0.03,-0.07,-0.01,0.06,3.04,3.83,1.06,16.22,0.18,183.9,1.09,2.56,2.66,5.9,29.15
200304,0.0123,8.22,0.57,1.03,0.1,-9.46,-4.58,1.15,-0.23,-0.11,-0.11,-0.21,-0.05,2.76,3.89,1.11,16.2,0.45,183.2,8.22,2.55,2.81,6,21.21
200305,0.0567,6.05,4.7,-0.3,0.09,-10.77,-6.92,3.22,0.19,0.25,0.15,-0.06,0.05,2.85,3.37,1.16,16.19,0.69,182.9,6.05,2.61,2.48,6.1,19.47
200306,0.0053,1.42,1.67,0.66,0.1,-1.06,0.54,-0.32,-0.05,-0.06,-0.16,0.06,-0.08,2.81,3.54,1.22,16.17,0.21,183.1,1.42,2.75,2.4,6.3,19.52
200307,0.0073,2.35,5.25,-1.15,0.07,-0.31,-4.17,1.89,0.24,0.03,0.15,-0.08,-0.22,2.58,4.49,1.13,16.31,1.12,183.7,2.35,2.76,3.06,6.2,19.49
200308,0.0186,2.34,2.6,2.03,0.07,-0.56,-2.48,2.19,-0.08,0.06,0.24,0.11,-0.13,2.46,4.45,1.13,16.45,0.57,184.5,2.34,2.7,3.48,6.1,18.63
200309,0.0226,-1.24,0.79,0.02,0.08,-0.19,1.34,0.28,0.03,0.45,-0.01,-0.15,0.01,2.57,3.96,1.07,16.59,-1.29,185.1,-1.24,2.71,3.32,6.1,22.72
200310,0.0173,6.08,2.68,1.76,0.07,3.73,-1.58,1.58,-0.17,-0.08,0.02,-0.11,-0.25,2.36,4.33,1.03,16.86,0.3,184.9,6.08,2.72,3.35,6,16.1
200311,0.0019,1.35,2.01,1.86,0.07,1.62,0.07,1.69,-0.11,0.11,-0.08,0.04,-0.18,2.33,4.34,1.01,17.12,0.56,185,1.35,2.7,3.35,5.8,16.32
200312,0.0338,4.29,-3.01,2.42,0.08,-5.71,0,1,-0.07,0.03,0,-0.09,-0.02,2.34,4.27,0.98,17.39,0.07,185.5,4.29,2.73,3.35,5.7,18.31
200401,0.0065,2.15,2.8,1.97,0.07,2.6,-3.54,3.34,-0.14,0,0.04,-0.12,-0.12,2.19,4.16,0.9,17.6,-0.16,186.3,2.15,2.74,3.25,5.7,16.63
200402,0.02,1.4,-1.43,0.49,0.06,-1.09,2.28,-1.35,-0.1,-0.07,0.07,-0.07,-0.15,2.21,3.99,0.77,17.81,0.11,186.7,1.4,2.68,3.14,5.6,14.55
200403,0.0112,-1.32,1.75,0.21,0.09,0.21,1.5,-1.04,-0.01,0.12,0.15,-0.02,-0.02,2.29,3.86,0.78,18.02,0.34,187.1,-1.32,2.67,2.87,5.8,16.74
200404,-0.0284,-1.83,-2.06,-2.62,0.08,-5.39,3.3,-2.82,-0.02,-0.08,0.11,0.02,-0.18,2.05,4.53,0.73,18.21,0.34,187.4,-1.83,2.66,3.39,5.6,17.19
200405,-0.007,1.17,-0.21,-0.39,0.06,1.61,-0.98,-0.09,-0.13,-0.12,0.11,0.15,-0.26,2.03,4.66,0.71,18.41,0.47,188.2,1.17,2.57,3.68,5.6,15.5
200406,-0.0011,1.86,2.26,1.38,0.08,2.1,1.12,-0.39,-0.17,-0.18,-0.09,-0.18,-0.16,2.09,4.62,0.77,18.6,0.01,188.9,1.86,2.31,3.45,5.6,14.34
200407,-0.0033,-4.06,-3.8,4.1,0.1,-2.29,5.08,-1.64,-0.12,-0.09,0.15,-0.25,-0.18,2.1,4.5,0.8,18.79,0.12,189.1,-4.06,2.25,3.14,5.5,15.32
200408,-0.0023,0.08,-1.63,1.03,0.11,-1.55,1.31,-1.42,0.01,-0.3,-0.06,-0.07,-0.23,2.19,4.13,0.81,18.97,0.2,189.2,0.08,2.09,2.78,5.4,15.29
200409,0.0084,1.6,3.03,-0.25,0.11,5.24,-1.34,-1.88,-0.12,-0.15,0.02,-0.14,-0.08,2.11,4.14,0.81,19.16,-0.04,189.8,1.6,1.91,2.44,5.4,13.34
200410,0.0084,1.43,0.31,-0.62,0.11,-1.52,-0.08,0.41,-0.06,0.23,-0.06,-0.07,0.07,2.09,4.05,0.74,19.25,-0.02,190.8,1.43,1.8,2.3,5.5,16.27
200411,0.0281,4.54,3.91,1.79,0.15,3.23,-1.05,-0.23,-0.04,0.42,-0.04,0.01,0.13,1.95,4.36,0.68,19.35,-0.34,191.7,4.54,1.48,2.09,5.4,13.24
200412,0.0061,3.43,0.12,-0.06,0.16,-2.84,-1.27,0.5,-0.03,-0.06,-0.11,-0.14,0.02,1.86,4.24,0.68,19.44,3.64,191.7,3.43,1.35,2.01,5.4,13.29
200501,-0.0058,-2.76,-1.51,1.97,0.16,3.21,3.05,-1.37,-0.1,-0.11,-0.13,-0.16,-0.2,1.75,4.14,0.66,19.7,-3.66,191.6,-2.76,1.21,1.85,5.3,12.82
200502,0.0181,1.89,-0.51,1.63,0.16,3.16,1.21,-0.06,-0.03,-0.05,0.41,0.11,0.06,1.59,4.36,0.62,19.97,-0.02,192.4,1.89,0.99,1.59,5.4,12.08
200503,-0.006,-1.97,-1.39,1.58,0.21,0.54,0.48,1.1,-0.13,0,-0.1,-0.13,0.03,1.64,4.5,0.66,20.23,0.29,193.1,-1.97,0.78,1.7,5.2,14.02
200504,-0.0106,-2.61,-3.99,-0.34,0.21,-0.85,0.96,-0.88,0.01,-0.14,-0.2,-0.05,0.08,1.76,4.21,0.72,20.46,0.25,193.7,-2.61,0.73,1.5,5.2,15.31
200505,0.0035,3.65,2.89,-0.81,0.24,0.43,-1.31,0.27,0.04,0.37,-0.02,-0.09,-0.27,1.9,4,0.86,20.7,0.38,193.6,3.65,0.67,1.24,5.1,13.29
200506,0.0106,0.57,2.62,2.62,0.23,2.05,0.98,-0.53,0.01,-0.04,-0.02,0.19,0,1.87,3.94,0.9,20.93,0.14,193.7,0.57,0.53,0.96,5,12.04
200507,0.0074,3.92,2.93,-0.51,0.24,-0.01,-1.17,-0.98,-0.26,-0.03,-0.22,-0.05,0.07,1.67,4.28,0.89,21.11,-0.06,194.9,3.92,0.27,0.89,5,11.57
200508,0.0073,-1.22,-0.92,1.27,0.3,2.27,-2.24,0.45,0.03,-0.18,0.01,-0.09,-0.08,1.77,4.02,0.87,21.29,0.04,196.1,-1.22,0.05,0.74,4.9,12.6
200509,0.0211,0.49,-0.58,0.77,0.29,3.46,0.5,-0.57,-0.13,0.19,0.06,0.26,0.04,1.81,4.34,0.9,21.47,-0.43,198.8,0.49,0.06,0.7,5,11.92
200510,-0.0063,-2.02,-1.21,0.23,0.27,-1.28,-0.56,-1.26,-0.03,-0.02,-0.11,0.29,0,1.83,4.57,0.95,21.72,0.65,199.1,-2.02,0.24,0.67,5,15.32
200511,0.0146,3.61,0.91,-1.18,0.31,0.25,-0.58,-1.17,-0.11,0.18,0.02,-0.01,-0.11,1.89,4.49,0.97,21.97,0.75,198.1,3.61,0.41,0.56,5,12.06
200512,0.0128,-0.25,-0.46,0.44,0.32,0.77,0.12,0.21,-0.02,0.01,0.1,-0.07,-0.06,1.82,4.39,0.95,22.22,0.45,198.1,-0.25,0.43,0.5,4.9,12.07
200601,0.024,3.04,5.42,1.12,0.35,2.68,-0.94,-0.53,-0.24,-0.08,0.05,-0.29,0.08,1.78,4.53,0.95,22.41,0.94,199.3,3.04,0.79,0.08,4.7,12.95
200602,-0.0047,-0.3,-0.38,-0.25,0.34,-1.84,-0.71,2.03,-0.18,-0.13,-0.1,-0.16,-0.18,1.65,4.55,0.92,22.59,0.28,199.4,-0.3,0.99,0.03,4.8,12.34
200603,0.0115,1.46,3.55,0.61,0.37,1.26,-0.04,-0.53,-0.07,-0.1,-0.06,0.04,-0.01,1.69,4.86,0.88,22.78,0.11,199.7,1.46,1.07,0.1,4.7,11.39
200604,0.0276,0.73,-1.34,2.59,0.36,0.61,1.16,-0.2,0.2,0.32,0.23,0.09,0,1.67,5.07,0.84,23,-0.12,200.7,0.73,1.17,0.27,4.7,11.59
200605,-0.0136,-3.57,-3.04,2.55,0.43,-3.65,0.93,1.31,-0.07,0.16,-0.05,0.15,0.08,1.66,5.12,0.8,23.22,-0.12,201.3,-3.57,1.3,0.27,4.6,16.44
200606,-0.0048,-0.35,-0.35,0.87,0.4,1.49,1.37,-0.12,-0.15,-0.13,-0.02,-0.13,-0.08,1.67,5.15,0.89,23.44,0.16,201.8,-0.35,1.37,0.19,4.6,13.08
200607,-0.0026,-0.78,-4.08,2.94,0.4,-2.21,1.6,0.93,-0.17,-0.12,-0.23,-0.01,-0.11,1.68,4.99,0.91,23.66,-0.17,202.9,-0.78,1.54,0.01,4.7,14.95
200608,0.0023,2.03,0.9,-1.72,0.42,-3.47,-1.73,2.15,-0.1,-0.08,-0.06,-0.04,-0.22,1.73,4.74,0.91,23.88,-0.12,203.8,2.03,1.56,-0.21,4.7,12.31
200609,-0.0076,1.84,-1.37,0.05,0.41,-0.94,0.89,0.54,-0.04,-0.2,0.04,-0.17,-0.05,1.72,4.64,0.92,24.1,0.54,202.8,1.84,1.41,-0.21,4.5,11.98
200610,0.0114,3.23,1.73,-0.04,0.41,-0.24,-0.21,0.24,-0.21,-0.09,0.4,-0.1,0.02,1.64,4.61,0.91,24.36,0.43,201.9,3.23,1.53,-0.32,4.4,11.1
200611,0.0236,1.71,0.86,0.07,0.42,-1.01,0.12,-0.87,-0.11,0.47,0,-0.26,-0.04,1.64,4.46,0.87,24.62,0.31,202,1.71,1.56,-0.48,4.5,10.91
200612,0.0127,0.87,-1.1,3.16,0.4,0.84,-0.81,2.05,0.06,-0.08,-0.22,0.14,0.02,1.64,4.71,0.9,24.88,0.31,203.1,0.87,1.48,-0.41,4.4,11.56
200701,0.0037,1.4,0.1,-0.11,0.44,0.21,0.23,0.23,0.01,0.03,0.06,0.17,-0.18,1.57,4.83,0.94,25.08,0.02,203.44,1.4,1.61,-0.35,4.6,10.42
200702,0.0022,-1.96,1.32,-0.09,0.38,-1.35,-0.46,-0.75,-0.03,-0.2,0.01,-0.06,0.1,1.6,4.56,0.89,25.29,0.31,204.23,-1.96,1.67,-0.44,4.5,15.42
200703,-0.0009,0.68,-0.06,-0.22,0.43,2.47,0.27,-0.61,-0.12,-0.02,-0.08,0.14,0.04,1.75,4.65,0.97,25.49,0.27,205.29,0.68,1.59,-0.52,4.4,14.64
200704,0.0163,3.49,-2.06,-1.15,0.44,-0.16,1.01,1.01,-0.14,0.02,-0.07,0.06,0.09,1.68,4.63,0.92,25.72,-0.08,205.9,3.49,1.52,-0.31,4.5,14.22
200705,0.0181,3.24,0.03,-0.05,0.41,-0.26,1.14,-1.3,0,-0.14,-0.14,0.05,0.05,1.6,4.9,0.92,25.94,-0.14,206.76,3.24,1.39,-0.12,4.4,13.05
200706,0.0151,-1.96,0.77,-1.13,0.4,0.38,0.55,0.07,0.17,0,0.13,-0.05,-0.07,1.59,5.03,0.91,26.17,-0.24,207.23,-1.96,1.28,0.36,4.6,16.23
200707,0.0079,-3.73,-2.51,-3.34,0.4,2.8,0.6,-1.04,-0.13,0.21,-0.03,-0.02,0.07,1.85,4.78,0.92,26.44,0,207.6,-3.73,1.49,0.04,4.7,23.52
200708,-0.0211,0.92,-0.13,-2.24,0.42,0.11,-0.9,-0.55,-0.01,0,0.08,2.22,0.05,2.05,4.54,0.86,26.71,-0.02,207.67,0.92,0.88,0.36,4.6,23.38
200709,0.0323,3.22,-2.29,-1.87,0.32,4.59,-0.56,-3.17,0.06,0.09,0.33,0.04,-0.1,2,4.59,0.85,26.98,0.15,208.55,3.22,0.58,0.53,4.7,18
200710,0.0326,1.8,0.22,-2.59,0.32,4.96,-0.31,-0.1,-0.16,0.05,0.12,-0.31,0.01,1.99,4.48,0.82,27.23,-0.24,209.19,1.8,0.6,0.53,4.7,18.53
200711,-0.0089,-4.83,-2.63,-1.18,0.34,0.93,1.9,-0.33,0.03,0.24,0.01,0.2,-0.2,2.47,3.97,0.96,27.48,-0.2,210.83,-4.83,0.03,0.79,4.7,22.87
200712,0.0098,-0.87,0.2,-0.52,0.27,6.52,0.71,-1.09,-0.03,0.03,-0.02,-0.09,-0.14,2.52,4.04,1.16,27.73,0.29,211.45,-0.87,0.29,1.03,5,22.5
200801,0.0108,-6.36,-0.89,3.65,0.21,-7.89,1.96,2.2,0.01,0.05,0.07,0.72,0.28,2.96,3.67,1.21,27.92,0.03,212.17,-6.36,0.53,0.92,5,26.2
200802,0.0422,-3.09,-0.23,-0.95,0.13,6.14,0.74,-1.07,-0.03,0.15,0.32,0.27,-0.07,3.22,3.53,1.29,28.11,-0.09,212.69,-3.09,1.16,1.56,4.9,26.54
200803,-0.0122,-0.93,0.94,-0.15,0.17,4.1,1.11,0.47,0.15,0.2,-0.08,0.06,-0.15,3.45,3.45,1.38,28.3,-0.11,213.45,-0.93,2.01,2.23,5.1,25.61
200804,-0.0003,4.6,-1.64,-0.96,0.18,-0.2,1.29,-2.56,-0.15,-0.22,-0.03,0.08,-0.12,3.1,3.77,1.42,28.44,-0.47,213.94,4.6,1.97,2.36,5,20.79
200805,0.012,1.86,3.22,-1.38,0.18,3.21,0.81,0.04,0,-0.19,-0.15,-0.12,-0.11,3,4.06,1.36,28.57,4.71,215.21,1.86,1.53,2.12,5.4,17.83
200806,0.0119,-8.44,1.27,-2.43,0.17,12.54,4.31,-0.42,-0.05,-0.01,0.03,0.04,-0.08,3.05,3.99,1.39,28.71,-2.72,217.46,-8.44,0.49,2.21,5.6,23.95
200807,-0.0262,-0.77,2.47,5.81,0.15,-5.15,-0.99,1.06,-0.13,-0.26,-0.14,-0.04,0,3.22,3.99,1.49,28.76,-1.66,219.02,-0.77,0.57,2.35,5.8,22.94
200808,-0.0118,1.53,3.61,1.56,0.13,-4.05,1.84,0.82,0.1,0.66,0.24,0.17,-0.16,3.29,3.83,1.51,28.8,-0.65,218.69,1.53,0.39,2.13,6.1,20.65
200809,-0.0121,-9.24,-1.13,6.33,0.15,0.35,2.91,1.82,0.1,0.31,0.31,1.26,0.25,4,3.85,1.66,28.85,0.19,218.88,-9.24,0.73,2.54,6.1,39.39
200810,0.0163,-17.23,-2.34,-2.9,0.08,7.79,3.61,1.89,0.05,0.69,0.32,1.53,0.61,5.53,4.01,2.6,28.7,0.46,217,-17.23,0.71,3.13,6.5,59.89
200811,0.0073,-7.86,-2.99,-5.94,0.03,7.11,4.82,2.72,0.39,-0.07,-0.08,0.14,0.02,6.1,2.93,3.09,28.54,0.68,213.15,-7.86,0.85,3.33,6.8,55.28
200812,0.0111,1.74,3.59,-0.24,0,-5.07,-0.07,-1.41,0.3,0.18,0.16,0.01,-0.23,5.82,2.25,3.38,28.39,-0.57,211.4,1.74,0.44,2.38,7.3,40
200901,-0.001,-8.12,-0.01,-11.1,0,-1.83,0.26,-1.19,-0.18,-0.17,-0.13,0.15,-0.22,5.38,2.87,3.09,28.01,0.28,211.93,-8.12,0.29,2.39,7.8,44.84
200902,-0.0012,-10.1,0.16,-7.25,0.01,4.18,1.72,-1.11,-0.05,-0.1,-0.09,-0.08,-0.02,5.22,3.02,2.81,27.64,-1.1,212.71,-10.1,0.3,2.57,8.3,46.35
200903,-0.0061,8.95,-0.08,3.52,0.02,-11.38,-2.3,-2.25,-0.1,-0.04,-0.2,-0.1,0.02,5.74,2.71,2.92,27.26,-0.1,212.5,8.95,0.41,2.6,8.7,44.14
200904,-0.0009,10.19,4.83,5.46,0.01,-34.39,0.28,0.14,-0.16,-0.25,-0.18,-0.14,0.01,5.08,3.16,3,26.7,0.83,212.71,10.19,0.36,2.77,9,36.5
200905,0.0354,5.21,-2.33,-0.21,0,-12.44,-0.99,-2.12,0.15,0.36,0.1,0.09,-0.01,4.29,3.47,2.52,26.15,1.58,213.02,5.21,0.3,3.12,9.4,28.92
200906,-0.0117,0.43,2.61,-2.71,0.01,5.29,-1.07,-0.16,-0.16,-0.19,-0.05,0.02,-0.17,3.64,3.53,1.89,25.59,-1.72,214.79,0.43,0.31,3.54,9.5,26.35
200907,0.0049,7.72,2.07,5.27,0.01,-5.36,-0.65,3.21,-0.17,-0.23,-0.1,0.23,0.07,3.11,3.52,1.68,25.03,-0.54,214.73,7.72,0.28,3.38,9.5,25.92
200908,0.0037,3.33,-0.9,7.76,0.01,-8.84,-3.04,3.2,-0.07,-0.22,-0.09,0.17,0.19,2.98,3.4,1.32,24.46,-0.33,215.45,3.33,0.27,3.42,9.6,26.01
200909,0.0171,4.08,2.45,0.92,0.01,-4.93,1.49,0.4,-0.12,-0.08,-0.07,-0.09,-0.04,2.86,3.31,1.18,23.9,0.1,215.86,4.08,0.26,3.28,9.8,25.61
200910,-0.0052,-2.59,-4.23,-4.18,0,2.65,4.2,-1.68,-0.15,-0.13,-0.03,-0.13,-0.11,2.86,3.41,1.14,23.4,-0.51,216.51,-2.59,0.28,3.31,10,30.69
200911,0.0217,5.56,-2.49,-0.17,0,0.29,0.81,0.15,-0.05,-0.06,0.11,-0.18,-0.15,2.99,3.21,1.13,22.91,0.2,217.23,5.56,0.24,3.35,9.9,24.51
200912,-0.013,2.75,6.11,0.01,0.01,2.91,0.44,-0.08,-0.14,-0.07,-0.21,-0.23,-0.15,2.54,3.85,1.11,22.41,0.48,217.35,2.75,0.3,3.54,9.9,21.68
201001,-0.0195,-3.36,0.38,0.31,0,-5.38,-1.37,0.43,-0.21,-0.12,-0.06,-0.19,-0.12,2.57,3.63,0.99,22.24,-0.06,217.49,-3.36,0.26,3.67,9.8,24.62
201002,0.0016,3.4,1.21,3.17,0,3.6,-0.35,1.41,-0.14,0.08,-0.09,-0.13,-0.23,2.62,3.61,0.99,22.07,-0.08,217.28,3.4,0.22,3.58,9.8,19.5
201003,0.0159,6.31,1.43,2.1,0.01,3.66,-0.56,1.69,-0.24,-0.12,-0.16,-0.28,-0.02,2.47,3.84,1,21.9,0.26,217.35,6.31,0.22,3.58,9.9,17.59
201004,0.0082,2,4.98,2.81,0.01,3.22,1.05,1.72,0.05,-0.16,-0.04,0.18,-0.05,2.38,3.69,0.96,21.95,0.77,217.4,2,0.26,3.68,9.9,22.05
201005,-0.0158,-7.89,0.05,-2.38,0.01,-0.13,1.37,-0.22,0.21,0.48,-0.04,0.18,0.15,2.89,3.31,1.09,21.99,0.75,217.29,-7.89,0.19,3.26,9.6,32.07
201006,-0.0012,-5.56,-1.98,-4.5,0.01,-3,-0.21,-1.52,-0.02,-0.04,-0.15,-0.23,-0.09,3.08,2.97,1.35,22.04,0.12,217.2,-5.56,0.18,3.08,9.4,34.54
201007,-0.0006,6.93,0.17,-0.26,0.01,1.88,0.23,1.99,-0.14,0.17,0.22,-0.13,-0.21,2.91,2.94,1.29,22.14,0.1,217.61,6.93,0.12,2.85,9.4,23.5
201008,0.0169,-4.77,-3,-1.96,0.01,-0.19,0.61,-1.7,0.45,0.02,-0.04,-0.08,-0.23,3.01,2.47,1.17,22.25,0.22,217.92,-4.77,0.09,2.54,9.5,26.05
201009,0.0274,9.54,3.92,-3.12,0.01,1.35,-0.16,0.48,-0.18,0.01,0.03,0.07,-0.01,3.05,2.53,1.13,22.35,-0.17,218.28,9.54,0.1,2.5,9.5,23.7
201010,0.0223,3.88,1.14,-2.59,0.01,1.64,1.34,-0.23,-0.16,0.06,0.16,-0.12,-0.09,3.15,2.63,1.04,22.48,0.08,219.04,3.88,0.09,2.41,9.4,21.2
201011,-0.0092,0.6,3.71,-0.9,0.01,2.53,0.29,1.63,0.01,-0.2,0.03,-0.1,-0.13,3.03,2.81,1.05,22.6,0.16,219.59,0.6,0.1,2.62,9.8,23.54
201012,0.0334,6.82,0.69,3.82,0.01,-3.19,-3.66,3.23,0,-0.05,-0.01,-0.24,-0.12,2.68,3.3,1.08,22.73,0.65,220.47,6.82,0.14,3.15,9.3,17.75
201101,-0.0072,1.99,-2.46,0.83,0.01,-0.32,-0.81,0.7,-0.06,-0.18,-0.21,-0.1,-0.15,2.68,3.42,1.05,22.96,0.36,221.19,1.99,0.11,3.24,9.1,19.53
201102,0.0128,3.49,1.52,1.08,0.01,2.03,-1.92,0.94,-0.13,-0.16,0.04,-0.12,-0.04,2.57,3.42,0.93,23.2,0.2,221.9,3.49,0.14,3.44,9,18.35
201103,-0.0109,0.45,2.6,-1.57,0.01,3.51,1.55,-0.03,-0.19,-0.05,0.03,-0.2,-0.06,2.58,3.47,0.9,23.43,-0.36,223.05,0.45,0.14,3.31,9,17.74
201104,0.0237,2.9,-0.35,-2.53,0,0.07,1.1,-0.85,-0.07,0.22,0.17,0.03,-0.09,2.58,3.32,0.86,23.73,-0.24,224.09,2.9,0.17,3.4,9.1,14.75
201105,-0.023,-1.27,-0.71,-2.07,0,-0.56,1.99,-1.5,0.02,-0.19,-0.15,-0.05,-0.22,2.65,3.05,0.82,24.04,-0.16,224.81,-1.27,0.13,3.13,9,15.45
201106,-0.0174,-1.75,-0.17,-0.33,0,1.78,2.38,-1.46,-0.12,-0.18,-0.05,-0.03,-0.11,2.72,3.18,0.76,24.34,0.4,224.81,-1.75,0.13,2.97,9.1,16.52
201107,0.0166,-2.36,-1.3,-1.23,0,0.08,2.41,-1.82,0.35,0.14,0,-0.08,-0.04,2.77,2.82,0.83,24.62,0.23,225.4,-2.36,0.14,2.97,9,25.25
201108,-0.0051,-5.99,-3.06,-2.44,0.01,-0.31,3.2,-0.23,0.37,-0.01,0.22,0.18,0.46,3.25,2.23,0.99,24.9,-0.18,226.11,-5.99,0.09,2.28,9,31.62
201109,-0.0124,-7.59,-3.49,-1.46,0,-2.55,1.89,0.23,0.14,0.19,0.28,-0.08,0.02,3.3,1.92,1.18,25.18,-0.25,226.6,-7.59,0.09,1.96,9,42.96
201110,-0.0092,11.35,3.41,-0.17,0,-1.42,-1.92,-0.85,-0.1,-0.17,-0.22,-0.25,-0.07,3.02,2.17,1.39,25.6,0.12,226.75,11.35,0.09,2.13,8.8,29.96
201111,-0.0065,-0.28,-0.17,-0.34,0,3.99,1.78,1.52,0.02,-0.19,-0.06,-0.23,-0.23,3.24,2.08,1.27,26.01,-0.08,227.17,-0.28,0.1,2,8.6,27.8
201112,-0.0025,0.74,-0.71,1.75,0,1.94,0.77,2.39,-0.01,-0.25,0,-0.35,-0.15,3.27,1.89,1.32,26.43,0.85,227.22,0.74,0.1,1.97,8.5,23.4
201201,0.0127,5.05,2.15,-1.11,0,-7.97,-1.82,-1.38,-0.15,-0.23,-0.22,-0.03,-0.23,3.24,1.83,1.38,26.74,0.69,227.84,5.05,0.08,1.93,8.3,19.44
201202,0.0079,4.42,-1.75,0.09,0,-0.3,-0.19,-0.08,-0.14,0.06,-0.08,-0.07,-0.03,3.1,1.98,1.29,27.04,0.55,228.33,4.42,0.06,1.88,8.3,18.43
201203,-0.0132,3.11,-0.6,0.87,0,1.5,-0.39,0.79,-0.09,-0.11,-0.13,-0.21,-0.14,3.07,2.23,1.24,27.35,0.3,228.81,3.11,0.1,2.09,8.2,15.5
201204,-0.0058,-0.85,-0.51,-0.46,0,3.83,1.11,0.65,0.02,-0.19,-0.13,-0.06,-0.16,3.2,1.95,1.23,27.67,0.33,229.19,-0.85,0.1,1.97,8.2,17.15
201205,0.004,-6.19,0.02,-0.62,0.01,6.6,2.25,2.37,0.51,0.41,0.19,0.13,0.14,3.4,1.59,1.27,28,0.03,228.71,-6.19,0.1,1.71,8.2,24.06
201206,-0.0142,3.89,0.77,0.44,0,-1.12,-1.24,0.34,-0.13,-0.23,0.14,0.2,-0.18,3.39,1.67,1.38,28.32,0.03,228.52,3.89,0.09,1.53,8.2,17.08
201207,0.0201,0.79,-2.59,-0.26,0,3.07,1.14,0.1,-0.04,-0.17,0.19,0.3,-0.08,3.27,1.51,1.47,28.74,-0.77,228.59,0.79,0.08,1.43,8.2,18.93
201208,-0.0023,2.55,0.42,1.32,0.01,-2.49,-1.21,-0.75,-0.07,-0.21,-0.1,-0.14,-0.03,3.21,1.57,1.43,29.17,-0.45,229.92,2.55,0.08,1.58,8.1,17.47
201209,-0.0003,2.73,0.51,1.54,0.01,-1.02,-1.37,1.58,-0.14,-0.15,-0.07,-0.11,-0.17,3.07,1.65,1.35,29.59,0.41,231.02,2.73,0.06,1.62,7.8,15.73
201210,-0.0184,-1.76,-1.14,3.79,0.01,0.1,-1.34,2.29,-0.27,-0.2,-0.25,-0.27,-0.15,2.73,1.72,1.11,30.14,0.69,231.64,-1.76,0.07,1.64,7.8,18.6
201211,-0.0006,0.78,0.58,-0.96,0.01,0.38,0.68,0.93,-0.19,-0.06,-0.09,-0.17,-0.19,2.95,1.62,1.01,30.7,1.35,231.25,0.78,0.08,1.56,7.7,15.87
201212,0.0102,1.18,1.47,3.56,0.01,-2.97,-1.98,0.86,-0.18,0.1,0.03,-0.14,-0.03,2.85,1.78,0.98,31.25,2.49,231.22,1.18,0.08,1.65,7.9,18.02
201301,0.0153,5.57,0.39,0.95,0,-1.88,-1.67,1.49,0.03,0.13,-0.19,-0.04,0.13,2.82,2.02,0.93,31.54,-5.8,231.68,5.57,0.07,1.84,8,14.28
201302,-0.0068,1.29,-0.45,0.03,0,1.31,-0.66,0.47,-0.08,0.12,0.02,-0.28,0.18,2.89,1.89,0.95,31.82,-0.55,232.94,1.29,0.05,1.89,7.7,15.51
201303,0.0041,4.03,0.78,-0.29,0,1.94,0.07,1.37,-0.02,-0.15,-0.16,0.16,-0.03,2.96,1.87,0.92,32.11,0.11,232.28,4.03,0.05,1.87,7.5,12.7
201304,0.0065,1.55,-2.42,0.63,0,0.25,0.1,0.49,0.11,-0.02,0.41,-0.27,-0.09,2.83,1.7,0.86,32.5,0.34,231.8,1.55,0.06,1.7,7.6,13.52
201305,-0.0125,2.8,1.67,2.6,0,-1.8,-1.65,-0.8,0.11,0,-0.07,-0.11,0.19,2.79,2.16,0.84,32.88,0.52,231.89,2.8,0.07,1.88,7.5,16.3
201306,-0.0157,-1.2,1.22,-0.18,0,0.59,-0.34,-0.07,0.34,0.08,0.09,0.15,-0.02,2.83,2.52,0.92,33.27,0.04,232.45,-1.2,0.09,2.25,7.5,16.86
201307,-0.0006,5.65,1.86,0.56,0,1.74,-1.46,0.58,-0.13,-0.1,0.01,-0.2,-0.01,2.68,2.6,0.98,33.65,-0.17,232.9,5.65,0.08,2.55,7.3,13.45
201308,-0.0108,-2.71,0.3,-2.78,0,0.05,0.61,-2.17,-0.02,-0.22,0.28,-0.29,-0.11,2.56,2.78,0.88,34.02,0.15,233.46,-2.71,0.08,2.69,7.2,17.01
201309,-0.0017,3.77,2.93,-1.19,0,2.97,-0.74,-1.29,-0.03,0.01,-0.19,-0.25,-0.12,2.75,2.64,0.83,34.4,0.33,233.54,3.77,0.09,2.79,7.2,16.6
201310,0.0083,4.18,-1.49,1.14,0,0.16,2.69,0.89,-0.15,-0.18,-0.11,-0.04,0.05,2.65,2.57,0.78,34.6,-0.33,233.67,4.18,0.06,2.57,7.2,13.75
201311,0.0052,3.12,1.24,0.24,0,0.4,0.14,0.07,-0.12,0.02,-0.08,-0.29,-0.09,2.61,2.75,0.75,34.79,0.26,234.1,3.12,0.05,2.65,6.9,13.7
201312,0.0047,2.81,-0.5,-0.31,0,0.07,-0.52,0.07,-0.03,-0.02,0.03,-0.05,0,2.33,3.04,0.76,34.99,0.26,234.72,2.81,0.06,2.84,6.7,13.72
201401,-0.0085,-3.32,0.86,-2.09,0,1.72,-4,-1.38,-0.03,-0.23,-0.1,-0.18,-0.13,2.4,2.67,0.7,35.4,0.49,235.29,-3.32,0.07,2.81,6.6,18.41
201402,0.0144,4.65,0.32,-0.4,0,2.08,-0.24,-0.44,-0.11,-0.15,0.22,-0.29,-0.05,2.35,2.66,0.65,35.82,0.64,235.55,4.65,0.06,2.66,6.7,14
201403,-0.009,0.43,-1.89,5.08,0,-3.3,2.15,1.89,-0.21,-0.16,0.2,-0.25,-0.1,2.26,2.73,0.68,36.23,0.54,236.03,0.43,0.07,2.67,6.7,13.88
201404,0.0006,-0.19,-4.25,1.14,0,-3.85,3.51,1.05,-0.1,-0.28,-0.18,-0.16,-0.13,2.16,2.67,0.66,36.61,0.2,236.47,-0.19,0.07,2.67,6.2,13.41
201405,0.0057,2.06,-1.85,-0.27,0,1.15,0.09,-1.06,0.09,-0.13,-0.12,-0.16,-0.12,2.22,2.48,0.6,37,0.22,236.92,2.06,0.06,2.53,6.3,11.4
201406,0.007,2.61,3.07,-0.74,0,0.68,-1.99,-1.94,-0.18,-0.18,0.01,-0.11,-0.17,2.18,2.53,0.55,37.38,0.34,237.23,2.61,0.06,2.56,6.1,11.57
201407,-0.004,-2.04,-4.24,0.01,0,-0.24,0.95,0.48,-0.08,-0.09,0.1,-0.09,-0.08,2.17,2.58,0.57,37.75,0.27,237.5,-2.04,0.07,2.52,6.2,16.95
201408,0.015,4.24,0.36,-0.58,0,0.82,-0.64,-0.68,0.16,0.2,-0.17,-0.11,-0.12,2.23,2.35,0.61,38.12,0.4,237.46,4.24,0.07,2.39,6.1,11.98
201409,0.0108,-1.97,-3.83,-1.23,0,0.53,1.14,-0.53,-0.13,0.37,0.43,-0.21,0.03,2.29,2.52,0.69,38.49,0.2,237.48,-1.97,0.08,2.51,5.9,16.31
201410,-0.002,2.52,4.23,-1.68,0,0,-0.48,-0.14,0.09,0.07,0.22,0.01,0.09,2.39,2.35,0.77,38.81,0.33,237.43,2.52,0.08,2.29,5.7,14.03
201411,0.0225,2.55,-2.09,-2.99,0,1.05,1.4,0.2,0.02,0.17,0.01,-0.19,-0.02,2.52,2.18,0.87,39.12,0.35,236.98,2.55,0.1,2.3,5.8,13.33
201412,0.0024,-0.06,2.54,2.06,0,1.06,-1.16,0.88,0.09,-0.03,0.07,-0.07,0.12,2.51,2.17,0.95,39.44,0.58,236.25,-0.06,0.17,2.18,5.6,19.2
201501,0.0251,-3.11,-0.56,-3.47,0,3.87,1.66,-1.71,0.37,0.69,0.06,-0.04,-0.08,2.61,1.68,0.99,39.9,0.46,234.72,-3.11,0.15,1.85,5.7,20.97
201502,0.002,6.13,0.48,-1.79,0,-2.84,-1.07,-1.71,-0.02,-0.19,-0.07,-0.06,0.27,2.46,2,0.9,40.35,0.3,235.24,6.13,0.19,1.96,5.5,13.34
201503,0.0056,-1.12,3.02,-0.46,0,2.98,0.08,-0.52,0,0.15,-0.18,-0.16,-0.06,2.55,1.94,0.9,40.81,-0.26,236.01,-1.12,0.21,2.02,5.4,15.29
201504,-0.0119,0.59,-2.97,1.86,0,-7.37,-0.16,-0.5,-0.04,-0.06,-0.11,-0.13,-0.13,2.6,2.05,0.96,41.12,0.43,236.16,0.59,0.2,1.91,5.4,14.55
201505,-0.0005,1.36,0.87,-1.37,0,6.01,-1.71,-0.75,0.13,-0.01,-0.13,-0.35,-0.23,2.72,2.12,0.91,41.43,0.28,236.97,1.36,0.2,2.18,5.6,13.84
201506,-0.0231,-1.53,2.83,-0.79,0,3.04,0.52,-1.49,0.06,-0.02,0.32,0.01,-0.02,2.83,2.35,0.94,41.74,0.19,237.68,-1.53,0.24,2.35,5.3,18.23
201507,0.0089,1.54,-4.14,-4.12,0,10.28,0.03,-2.57,-0.19,-0.18,0.1,-0.31,-0.27,2.94,2.2,1.05,42,0.23,238.05,1.54,0.25,2.29,5.2,12.12
201508,-0.0161,-6.04,0.48,2.68,0,-2.07,0.76,1.22,0.06,0.04,0.07,-0.21,0.67,3.15,2.21,1.15,42.25,0.25,238.03,-6.04,0.29,2.1,5.1,28.43
201509,-0.0004,-3.08,-2.64,0.52,0,5.32,1.81,-0.52,-0.11,-0.12,-0.18,-0.07,-0.09,3.29,2.06,1.27,42.51,0.11,237.51,-3.08,0.33,2.15,5,24.5
201510,-0.0008,7.75,-1.97,-0.08,0,-3.97,0.82,0.46,-0.17,-0.17,-0.2,-0.12,-0.1,3.19,2.16,1.39,42.8,-0.03,237.78,7.75,0.23,2.05,5,15.07
201511,0.0139,0.56,3.64,-0.52,0,2.28,-2.57,-1.13,-0.09,0.17,-0.04,0.07,-0.16,3.2,2.21,1.4,43.1,-0.27,238.02,0.56,0.33,2.14,5.1,16.13
201512,-0.0142,-2.17,-2.82,-2.58,0.01,3.44,0.3,0.08,-0.19,-0.1,-0.04,-0.15,-0.01,3.23,2.27,1.49,43.39,0.26,237.82,-2.17,0.4,2.01,5,18.21
201601,0.0102,-5.77,-3.36,2.1,0.01,1.37,2.61,3,0.25,0.05,-0.11,-0.08,0.01,3.48,1.94,1.45,43.55,0.36,237.83,-5.77,0.26,1.83,4.9,20.2
201602,0.0149,-0.07,0.78,-0.48,0.02,-4.09,3.29,2.1,0.09,0.2,0.07,-0.25,-0.06,3.55,1.74,1.38,43.72,0.06,237.47,-0.07,0.21,1.47,4.9,20.55
201603,-0.0095,6.96,0.87,1.12,0.02,-5.14,0.82,-0.06,-0.19,-0.14,-0.13,-0.42,-0.16,3.12,1.78,1.31,43.88,0.07,238.04,6.96,0.35,1.59,5,13.95
201604,-0.0008,0.92,0.68,3.26,0.01,-6.23,-2.88,1.96,-0.18,0.04,0.34,-0.17,-0.05,2.86,1.83,1.17,44.07,-0.25,238.83,0.92,0.31,1.58,5,15.7
201605,-0.0093,1.78,-0.26,-1.81,0.01,1.94,-1.03,-2.6,-0.07,-0.22,-0.15,-0.14,-0.14,2.84,1.84,1.03,44.27,-0.16,239.46,1.78,0.3,1.53,4.8,14.19
201606,0.0222,-0.05,0.65,-1.49,0.02,4.21,1.2,1.92,0.17,0.23,0.16,0.37,0.07,2.92,1.49,1.03,44.46,-0.09,240.17,-0.05,0.27,1.37,4.9,15.63
201607,0.0079,3.95,2.65,-1.13,0.02,-3.05,1.32,-1.27,-0.02,-0.16,0.16,-0.12,0.01,2.71,1.46,0.94,44.65,0.21,240.15,3.95,0.2,1.2,4.8,11.87
201608,-0.0147,0.5,1.15,3.31,0.02,-3.09,-1.32,-0.36,-0.1,-0.15,-0.07,-0.11,-0.12,2.61,1.58,0.92,44.84,0.02,240.6,0.5,0.25,1.26,4.9,13.42
201609,-0.0034,0.25,2.02,-1.48,0.02,-0.55,-2.45,-0.03,-0.05,-0.15,-0.22,0.02,-0.06,2.69,1.6,0.9,45.03,0.23,241.05,0.25,0.29,1.34,5,13.29
201610,-0.0123,-2.02,-4.37,4.18,0.02,0.65,1.13,0.2,0.06,0.08,0.03,-0.15,-0.15,2.61,1.84,0.87,45.25,0.16,241.69,-2.02,0.31,1.43,4.9,17.06
201611,-0.0031,4.86,5.49,8.27,0.01,-4.22,0,3.67,0.23,0.47,0.06,-0.22,-0.15,2.45,2.37,0.85,45.48,0.19,242.03,4.86,0.26,1.69,4.7,13.33
201612,0.009,1.82,0.07,3.6,0.03,-0.36,1.06,-0.26,-0.13,-0.09,-0.07,-0.13,0.03,2.28,2.45,0.77,45.7,0.13,242.77,1.82,0.33,1.98,4.7,14.04
201701,-0.0045,1.94,-1.02,-2.78,0.04,-0.97,-0.13,-0.99,-0.22,-0.16,-0.2,-0.19,-0.16,2.23,2.45,0.74,45.93,0.39,243.78,1.94,0.29,1.91,4.7,11.99
201702,0.008,3.57,-2,-1.8,0.04,-1.66,0.68,-1.75,-0.1,-0.32,-0.07,-0.27,0.08,2.19,2.36,0.69,46.15,0.39,243.96,3.57,0.27,1.89,4.7,12.92
201703,-0.0044,0.17,1.19,-3.18,0.03,-0.92,0.6,-1,-0.17,-0.16,-0.06,-0.14,-0.2,2.24,2.4,0.67,46.38,0.44,243.75,0.17,0.24,1.73,4.4,12.37
201704,0.0014,1.09,0.73,-1.9,0.05,0.53,1.95,-1.55,-0.05,-0.05,-0.11,-0.13,-0.21,2.28,2.29,0.7,46.66,-0.23,244.05,1.09,0.21,1.49,4.4,10.82
201705,0.0009,1.06,-2.55,-3.78,0.06,1.47,1.18,-1.84,-0.11,0.1,-0.09,-0.14,-0.06,2.23,2.21,0.7,46.94,0.36,243.96,1.06,0.2,1.4,4.4,10.41
201706,-0.0088,0.78,2.16,1.32,0.06,-0.25,-2,-0.06,-0.09,-0.06,0,0.1,-0.12,2.09,2.31,0.69,47.22,-0.13,244.18,0.78,0.19,1.19,4.3,11.18
201707,0.0064,1.87,-1.4,-0.28,0.07,1.63,-0.72,-0.15,-0.15,0.12,-0.05,-0.26,-0.27,2.06,2.3,0.69,47.54,0.23,244.39,1.87,0.12,1.23,4.3,10.26
201708,0.0079,0.16,-1.69,-2.24,0.09,3.57,0.24,-2.44,-0.02,-0.2,0.06,-0.24,-0.3,2.14,2.12,0.68,47.85,0.13,245.3,0.16,0.19,1.18,4.4,10.59
201709,-0.0087,2.51,4.54,3.03,0.09,-1.2,-1.18,1.64,-0.12,0.03,-0.14,0.03,-0.18,2,2.33,0.67,48.17,0.09,246.42,2.51,0.22,1.16,4.2,9.51
201710,0.0197,2.25,-1.94,-0.06,0.09,4.3,1.04,-3.34,-0.16,-0.02,-0.06,-0.15,0.02,1.91,2.38,0.72,48.42,0.21,246.59,2.25,0.29,1.27,4.1,10.18
201711,-0.0019,3.12,-0.66,-0.05,0.08,-0.75,3.14,0,-0.08,-0.27,-0.12,-0.23,0.07,1.88,2.42,0.7,48.68,0.05,247.33,3.12,0.28,1.1,4.2,11.28
201712,0.0062,1.06,-1.26,0.14,0.09,-1.6,0.61,1.65,-0.11,-0.12,0.01,-0.07,-0.02,1.77,2.4,0.71,48.93,0.16,247.9,1.06,0.33,1.06,4.1,11.04
201801,0.0275,5.58,-3.03,-1.37,0.11,3.93,-0.52,-0.89,0.21,0.51,0,-0.12,0.2,1.56,2.72,0.71,49.29,0.63,248.88,5.58,0.34,1.15,4.1,13.54
201802,-0.037,-3.65,0.28,-1.19,0.11,3.98,0.5,-2.25,-0.09,-0.08,0.04,0.5,0.2,1.68,2.87,0.69,49.64,0.15,249.37,-3.65,0.33,1.27,4.1,19.85
201803,-0.0055,-2.35,3.93,-0.11,0.12,-1.26,-0.51,0,-0.01,-0.11,-0.09,0.08,-0.01,1.85,2.74,0.77,50,0.3,249.5,-2.35,0.3,1.12,4,19.97
201804,0.0024,0.29,1.1,0.53,0.14,0.27,-2.12,1.18,-0.22,0.14,-0.03,-0.24,-0.12,1.79,2.95,0.82,50.33,-0.06,249.96,0.29,0.32,1.08,3.9,15.93
201805,-0.0023,2.65,5.24,-3.16,0.14,3.76,-1.96,-1.39,0.27,0.29,-0.15,-0.07,-0.07,1.89,2.83,0.83,50.66,0.05,250.65,2.65,0.34,1.08,3.8,15.43
201806,-0.002,0.48,1.17,-2.39,0.14,-2.43,0.75,0.33,-0.14,-0.09,0.31,-0.1,0,1.99,2.85,0.87,50.99,0.21,251.13,0.48,0.35,0.98,4,16.09
201807,-0.0019,3.19,-2.15,0.39,0.16,-1.61,1.6,0.54,-0.2,-0.18,-0.04,-0.18,-0.16,1.83,2.96,0.92,51.44,0.15,251.6,3.19,0.35,0.89,3.9,17.98
201808,0.0047,3.44,1.23,-4.12,0.16,5.3,-0.35,-2.6,0.04,0.12,0.01,-0.09,0,1.92,2.86,0.89,51.89,0.25,251.88,3.44,0.33,0.82,3.8,17.96
201809,-0.0033,0.06,-2.37,-1.34,0.15,-0.09,0.63,1.19,-0.06,-0.03,-0.05,-0.17,-0.14,1.84,3.05,0.9,52.34,0,252.01,0.06,0.34,0.84,3.7,17.95
201810,-0.0194,-7.68,-4.68,3.41,0.19,-1.82,0.74,3.49,-0.03,0.07,-0.05,0,0.45,2.03,3.15,0.93,52.81,0.32,252.79,-7.68,0.31,0.86,3.8,17.94
201811,-0.0056,1.69,-0.74,0.19,0.18,-1.4,-0.64,0.37,-0.16,-0.16,0.07,-0.16,-0.09,2.27,3.01,1,53.28,0.2,252.76,1.69,0.27,0.74,3.7,17.93
201812,0.0024,-9.55,-2.6,-1.51,0.19,1.73,-0.22,0.14,0.26,-0.02,-0.03,0.01,0.19,2.45,2.69,1.11,53.75,0.99,252.72,-9.55,0.2,0.42,3.9,17.92
